Percent Clustered,Percent Correctly Clustered
11.32623426911907,87.6068376068376
17.957405614714425,87.33153638814017
38.2865440464666,53.476611883691525
65.92449177153921,39.353891336270195
81.84898354307842,36.72383205204021
